id,title,company,location,salary,type,tags,description,published,updated_at
job_001,フロントエンドエンジニア,株式会社テックスタート,東京都渋谷区（リモート可）,450〜650万円,正社員,"React,TypeScript,Next.js,リモート","【業務内容】
・新規Webサービスのフロントエンド開発
・既存サービスの機能改善・パフォーマンス最適化
・デザイナー・バックエンドエンジニアとの連携

【必須スキル】
・React / TypeScript の実務経験2年以上
・GitHubを使ったチーム開発経験

【歓迎スキル】
・Next.js の経験
・Figma などデザインツールの使用経験",TRUE,2026-04-15
job_002,Webディレクター,合同会社クリエイティブラボ,東京都新宿区,350〜500万円,正社員,"Web制作,ディレクション,WordPress,未経験歓迎","【業務内容】
・クライアントとの打ち合わせ・ヒアリング
・制作進行管理・スケジュール調整
・WordPressサイトの構築・運用サポート

【必須スキル】
・コミュニケーション能力
・PCスキル（Excel・PowerPoint）

【歓迎スキル】
・Web制作の基礎知識
・Webマーケティングの経験",TRUE,2026-04-14
job_003,営業職（IT製品）,株式会社ソリューションズ,東京都港区,400〜700万円,正社員,"法人営業,IT,SaaS,未経験歓迎","【業務内容】
・SaaS製品の新規顧客開拓
・既存顧客へのアップセル・クロスセル
・提案書・見積もり作成

【必須スキル】
・法人営業の経験（業界不問）
・目標達成への高いモチベーション

【歓迎スキル】
・IT業界・SaaS営業経験者
・英語でのコミュニケーション経験",TRUE,2026-04-13
